{"schemaVersion":"1.0","appDefinitionTemplate":{"id":"/providers/Microsoft.PowerApps/apps/","type":"Microsoft.PowerApps/apps","tags":{"primaryDeviceWidth":"1366","primaryDeviceHeight":"768","supportsPortrait":"true","supportsLandscape":"true","primaryFormFactor":"Tablet","publisherVersion":"3.22114.18","minimumRequiredApiVersion":"2.2.0","hasComponent":"false","hasUnlockedComponent":"false","isUnifiedRootApp":"false","sienaVersion":"20221209T145417Z-3.22114.18.0"},"properties":{"appVersion":"2022-12-09T14:54:17Z","lifeCycleId":"Published","createdByClientVersion":{"major":3,"minor":22114,"build":18,"revision":0,"majorRevision":0,"minorRevision":0},"minClientVersion":{"major":3,"minor":22114,"build":18,"revision":0,"majorRevision":0,"minorRevision":0},"backgroundColor":"rgba(0, 104, 0, 1)","backgroundImageUri":"/15123112806580385047/N4cfec32c-5fc7-4305-bc6c-30664c112eeb-logoSmallFile","displayName":"Fire Door Inspection App","description":"","commitMessage":"","appUris":{"documentUri":{"value":"/15123112806580385047/Na4b78e69-1dcc-4a06-986d-4920c2fc2465-document.msapp"},"imageUris":[],"additionalUris":[]},"createdTime":"0001-01-01T00:00:00Z","lastModifiedTime":"0001-01-01T00:00:00Z","sharedGroupsCount":0,"sharedUsersCount":0,"icons":{"smallIconUri":"/15123112806580385047/Nd97931cc-edf2-4425-ad67-e97a8619b48f-small.png","mediumIconUri":"/15123112806580385047/N352dd7d3-8ef9-49f1-b283-3e88d8bf1f01-medium.png","largeIconUri":"/15123112806580385047/N3d95e101-513a-48d5-acda-5c4e80d0620f-large.png","wideIconUri":"/15123112806580385047/Nf326f25b-29cf-4920-8922-4c9116438c01-wide.png"},"connectionReferences":{"56a827b5-5d64-479f-a1d2-9f9ae53cd9db":{"id":"7a39feb4-e30f-43fb-8b8e-7302f52110c7","displayName":"SharePoint","iconUri":"https://connectoricons-prod.azureedge.net/releases/v1.0.1610-greyhound-localization-RelayFix/1.0.1610.3091/sharepointonline/icon.png","dataSources":["RoomStock","Inspection"],"dependencies":[],"dependents":[],"parameterHints":{},"parameterHintsV2":{},"isOnPremiseConnection":false,"bypassConsent":false,"dataSets":{"https://elementnetwork.sharepoint.com/sites/HablePowerApps/DV_FDI":{"dataSources":{"RoomStock":{"tableName":"f72941bb-042b-44b2-8376-2ac7d03088a2"},"Inspection":{"tableName":"a71e6f90-09b1-4bd8-9cbb-a48f2c1370ca"}}}},"apiTier":"Standard","isCustomApiConnection":false,"actions":["providers/PowerPlatform.Governance/Operations/Read","providers/PowerPlatform.Governance/Operations/Write"]}},"databaseReferences":{},"almMode":"Environment","performanceOptimizationEnabled":true,"canConsumeAppPass":true,"enableModernRuntimeMode":false,"executionRestrictions":{"isTeamsOnly":false,"dataLossPreventionEvaluationResult":{"status":"Compliant","lastEvaluationDate":"2022-08-05T09:51:57.3923254Z","violations":[],"violationsByPolicy":[],"violationErrorMessage":"The app uses the following connectors: ."}}},"appType":"ClassicCanvasApp","appComponents":[]}}